[
  { "model": "analytics.market", "pk": 1, "fields": { "city_name": "West Lafayette", "state": "IN", "region": "Midwest" } },
  { "model": "analytics.market", "pk": 2, "fields": { "city_name": "Indianapolis", "state": "IN", "region": "Midwest" } },
  { "model": "analytics.market", "pk": 3, "fields": { "city_name": "Bloomington", "state": "IN", "region": "Midwest" } },
  { "model": "analytics.market", "pk": 4, "fields": { "city_name": "Chicago", "state": "IL", "region": "Midwest" } },

  { "model": "analytics.propertytype", "pk": 1, "fields": { "name": "Office" } },
  { "model": "analytics.propertytype", "pk": 2, "fields": { "name": "Retail" } },
  { "model": "analytics.propertytype", "pk": 3, "fields": { "name": "Industrial" } },
  { "model": "analytics.propertytype", "pk": 4, "fields": { "name": "Multifamily" } },

  { "model": "analytics.submarket", "pk": 1, "fields": { "market": 1, "name": "North Lafayette" } },
  { "model": "analytics.submarket", "pk": 2, "fields": { "market": 1, "name": "Downtown Lafayette" } },
  { "model": "analytics.submarket", "pk": 3, "fields": { "market": 2, "name": "Downtown Indy" } },
  { "model": "analytics.submarket", "pk": 4, "fields": { "market": 2, "name": "Southwest" } },
  { "model": "analytics.submarket", "pk": 5, "fields": { "market": 2, "name": "Plainfield" } },
  { "model": "analytics.submarket", "pk": 6, "fields": { "market": 3, "name": "University" } },
  { "model": "analytics.submarket", "pk": 7, "fields": { "market": 3, "name": "East Side" } },
  { "model": "analytics.submarket", "pk": 8, "fields": { "market": 4, "name": "The Loop" } },
  { "model": "analytics.submarket", "pk": 9, "fields": { "market": 4, "name": "Wicker Park" } },

  { "model": "analytics.property", "pk": 1, "fields": { "market": 1, "submarket": 1, "property_type": 1, "name": "Purdue Research Park Office", "address": "1281 Win Hentschel Blvd", "sq_ft": 50000, "units": 10, "year_built": 2015, "acres": "5.50", "purchase_price": "12000000.00", "market_rent_per_sqft": "21.60", "misc_income": "5000.00", "annual_opex_reserve": "85000.00", "annual_capx_reserve": "35000.00" } },
  { "model": "analytics.property", "pk": 2, "fields": { "market": 2, "submarket": 4, "property_type": 3, "name": "Indy Logistics Center", "address": "1500 Airport Expressway", "sq_ft": 450000, "units": 2, "year_built": 2021, "acres": "25.00", "purchase_price": "38500000.00", "market_rent_per_sqft": "4.93", "misc_income": "0.00", "annual_opex_reserve": "110000.00", "annual_capx_reserve": "200000.00" } },
  { "model": "analytics.property", "pk": 3, "fields": { "market": 4, "submarket": 8, "property_type": 4, "name": "Loop Luxury Residences", "address": "200 N LaSalle St", "sq_ft": 220000, "units": 180, "year_built": 2019, "acres": "1.10", "purchase_price": "72000000.00", "market_rent_per_sqft": "22.64", "misc_income": "50000.00", "annual_opex_reserve": "380000.00", "annual_capx_reserve": "160000.00" } },
  { "model": "analytics.property", "pk": 4, "fields": { "market": 3, "submarket": 6, "property_type": 2, "name": "Kirkwood Retail Strip", "address": "400 E Kirkwood Ave", "sq_ft": 15000, "units": 5, "year_built": 2005, "acres": "0.85", "purchase_price": "4200000.00", "market_rent_per_sqft": "22.00", "misc_income": "0.00", "annual_opex_reserve": "35000.00", "annual_capx_reserve": "17000.00" } },
  { "model": "analytics.property", "pk": 5, "fields": { "market": 1, "submarket": 2, "property_type": 2, "name": "State Street Mixed-Use", "address": "310 W State St", "sq_ft": 22000, "units": 8, "year_built": 2010, "acres": "1.20", "purchase_price": "6500000.00", "market_rent_per_sqft": "21.00", "misc_income": "3000.00", "annual_opex_reserve": "42000.00", "annual_capx_reserve": "29000.00" } },
  { "model": "analytics.property", "pk": 6, "fields": { "market": 2, "submarket": 3, "property_type": 1, "name": "Meridian Office Tower", "address": "111 N Meridian St", "sq_ft": 120000, "units": 24, "year_built": 2008, "acres": "2.30", "purchase_price": "28000000.00", "market_rent_per_sqft": "21.45", "misc_income": "12000.00", "annual_opex_reserve": "145000.00", "annual_capx_reserve": "95000.00" } },
  { "model": "analytics.property", "pk": 7, "fields": { "market": 4, "submarket": 9, "property_type": 4, "name": "Wicker Park Flats", "address": "1600 N Milwaukee Ave", "sq_ft": 95000, "units": 72, "year_built": 2017, "acres": "0.75", "purchase_price": "31000000.00", "market_rent_per_sqft": "20.07", "misc_income": "8000.00", "annual_opex_reserve": "98000.00", "annual_capx_reserve": "75000.00" } },
  { "model": "analytics.property", "pk": 8, "fields": { "market": 3, "submarket": 7, "property_type": 1, "name": "College Mall Office Suites", "address": "2825 E 3rd St", "sq_ft": 30000, "units": 12, "year_built": 2000, "acres": "3.10", "purchase_price": "5800000.00", "market_rent_per_sqft": "23.17", "misc_income": "0.00", "annual_opex_reserve": "41000.00", "annual_capx_reserve": "27500.00" } },
  { "model": "analytics.property", "pk": 9, "fields": { "market": 2, "submarket": 5, "property_type": 3, "name": "Plainfield Industrial Park", "address": "800 Commerce Pkwy", "sq_ft": 280000, "units": 3, "year_built": 2018, "acres": "18.50", "purchase_price": "22000000.00", "market_rent_per_sqft": "4.93", "misc_income": "0.00", "annual_opex_reserve": "88000.00", "annual_capx_reserve": "107000.00" } },

  { "model": "analytics.lease", "pk": 1,  "fields": { "property": 1, "tenant_name": "Tech Corp",                      "sq_ft_occupied": 25000,  "lease_start_date": "2024-01-01", "lease_end_date": "2029-12-31" } },
  { "model": "analytics.lease", "pk": 2,  "fields": { "property": 1, "tenant_name": "Purdue Biotech LLC",             "sq_ft_occupied": 15000,  "lease_start_date": "2022-05-01", "lease_end_date": "2026-04-30" } },
  { "model": "analytics.lease", "pk": 3,  "fields": { "property": 2, "tenant_name": "Global Shipping Co",            "sq_ft_occupied": 450000, "lease_start_date": "2021-06-01", "lease_end_date": "2035-01-01" } },
  { "model": "analytics.lease", "pk": 4,  "fields": { "property": 4, "tenant_name": "B-Town Pizza",                  "sq_ft_occupied": 3000,   "lease_start_date": "2023-06-01", "lease_end_date": "2026-05-15" } },
  { "model": "analytics.lease", "pk": 5,  "fields": { "property": 4, "tenant_name": "Campus Cuts Barbershop",        "sq_ft_occupied": 1200,   "lease_start_date": "2023-04-01", "lease_end_date": "2026-04-01" } },
  { "model": "analytics.lease", "pk": 6,  "fields": { "property": 4, "tenant_name": "Sunrise Yoga Studio",           "sq_ft_occupied": 2500,   "lease_start_date": "2024-10-01", "lease_end_date": "2027-09-30" } },
  { "model": "analytics.lease", "pk": 7,  "fields": { "property": 5, "tenant_name": "Lafayette Coffee Roasters",     "sq_ft_occupied": 2200,   "lease_start_date": "2023-07-01", "lease_end_date": "2026-06-30" } },
  { "model": "analytics.lease", "pk": 8,  "fields": { "property": 5, "tenant_name": "Midwest Insurance Group",       "sq_ft_occupied": 8000,   "lease_start_date": "2022-04-01", "lease_end_date": "2028-03-31" } },
  { "model": "analytics.lease", "pk": 9,  "fields": { "property": 6, "tenant_name": "Anthem Health Systems",         "sq_ft_occupied": 55000,  "lease_start_date": "2023-07-01", "lease_end_date": "2030-06-30" } },
  { "model": "analytics.lease", "pk": 10, "fields": { "property": 6, "tenant_name": "Salesforce Indiana",            "sq_ft_occupied": 40000,  "lease_start_date": "2022-04-15", "lease_end_date": "2026-04-15" } },
  { "model": "analytics.lease", "pk": 11, "fields": { "property": 7, "tenant_name": "Residential Tenants - Wicker Park", "sq_ft_occupied": 85000, "lease_start_date": "2023-09-01", "lease_end_date": "2026-08-31" } },
  { "model": "analytics.lease", "pk": 12, "fields": { "property": 8, "tenant_name": "IU Health Partners",            "sq_ft_occupied": 12000,  "lease_start_date": "2023-05-01", "lease_end_date": "2026-05-01" } },
  { "model": "analytics.lease", "pk": 13, "fields": { "property": 8, "tenant_name": "Monroe County Legal Aid",       "sq_ft_occupied": 8000,   "lease_start_date": "2021-01-01", "lease_end_date": "2028-12-31" } },
  { "model": "analytics.lease", "pk": 14, "fields": { "property": 9, "tenant_name": "Amazon Fulfillment LLC",        "sq_ft_occupied": 200000, "lease_start_date": "2022-08-01", "lease_end_date": "2032-07-31" } },
  { "model": "analytics.lease", "pk": 15, "fields": { "property": 9, "tenant_name": "Cummins Engine Parts",          "sq_ft_occupied": 80000,  "lease_start_date": "2023-06-01", "lease_end_date": "2026-06-01" } },
  { "model": "analytics.lease", "pk": 16, "fields": { "property": 3, "tenant_name": "Residential Tenants - Loop",   "sq_ft_occupied": 198000, "lease_start_date": "2022-01-01", "lease_end_date": "2027-12-31" } }
]